<?xml version="1.0" encoding="UTF-8"?>
<project-private xmlns="http://www.netbeans.org/ns/project-private/1">
    <editor-bookmarks xmlns="http://www.netbeans.org/ns/editor-bookmarks/2" lastBookmarkId="0"/>
    <open-files xmlns="http://www.netbeans.org/ns/projectui-open-files/2">
        <group>
            <file>file:/D:/Ivan/Electro/XC8/18F4525/4550/interrupt.h</file>
            <file>file:/D:/Ivan/Electro/XC8/18F4525/4550/eusart.c</file>
            <file>file:/D:/Ivan/Electro/XC8/18F4525/4550/eusart.h</file>
            <file>file:/D:/Ivan/Electro/XC8/18F4525/4550/bmp180.h</file>
            <file>file:/D:/Ivan/Electro/XC8/18F4525/4550/key.c</file>
            <file>file:/D:/Ivan/Electro/XC8/18F4525/4550/interrupt.c</file>
            <file>file:/D:/Ivan/Electro/XC8/18F4525/4550/timer.c</file>
            <file>file:/D:/Ivan/Electro/XC8/18F4525/4550/SI7021.h</file>
            <file>file:/D:/Ivan/Electro/XC8/18F4525/4550/SI7021.c</file>
            <file>file:/D:/Ivan/Electro/XC8/18F4525/4550/newmain.c</file>
            <file>file:/D:/Ivan/Electro/XC8/18F4525/4550/dispatcher.h</file>
            <file>file:/D:/Ivan/Electro/XC8/18F4525/4550/bmp180.c</file>
            <file>file:/D:/Ivan/Electro/XC8/18F4525/4550/newmain.h</file>
            <file>file:/D:/Ivan/Electro/XC8/18F4525/4550/dispatcher.c</file>
            <file>file:/D:/Ivan/Electro/XC8/18F4525/4550/ds3231.c</file>
            <file>file:/D:/Ivan/Electro/XC8/18F4525/4550/ds3231.h</file>
            <file>file:/D:/Ivan/Electro/XC8/18F4525/4550/BMP_280.c</file>
            <file>file:/D:/Ivan/Electro/XC8/18F4525/4550/common.h</file>
            <file>file:/D:/Ivan/Electro/XC8/18F4525/4550/display.h</file>
            <file>file:/D:/Ivan/Electro/XC8/18F4525/4550/key.h</file>
            <file>file:/D:/Ivan/Electro/XC8/18F4525/4550/display.c</file>
            <file>file:/D:/Ivan/Electro/XC8/18F4525/4550/i2c.c</file>
            <file>file:/D:/Ivan/Electro/XC8/18F4525/4550/init.c</file>
            <file>file:/D:/Ivan/Electro/XC8/18F4525/4550/i2c.h</file>
            <file>file:/D:/Ivan/Electro/XC8/18F4525/4550/common.c</file>
            <file>file:/D:/Ivan/Electro/XC8/18F4525/4550/init.h</file>
        </group>
    </open-files>
</project-private>
